{
  "width": 1280,
  "height": 720,
  "fps": 30,
  "main": "./script/aez_bundle_main.js",
  "assets": {
    "number": {
      "type": "image",
      "width": 728,
      "height": 128,
      "path": "files/a0340c3947cfcd44e0b2.png",
      "hint": {
        "untainted": true
      },
      "virtualPath": "image/number.png"
    },
    "score": {
      "type": "image",
      "width": 192,
      "height": 192,
      "path": "files/d62e2baecca743ff7361.png",
      "hint": {
        "untainted": true
      },
      "virtualPath": "image/score.png"
    },
    "start": {
      "type": "image",
      "width": 800,
      "height": 500,
      "path": "files/fad71188a75b7f48f032.png",
      "hint": {
        "untainted": true
      },
      "virtualPath": "image/start.png"
    },
    "time": {
      "type": "image",
      "width": 76,
      "height": 76,
      "path": "files/834f6f7b833bbd30f0bc.png",
      "hint": {
        "untainted": true
      },
      "virtualPath": "image/time.png"
    },
    "config": {
      "type": "image",
      "width": 40,
      "height": 40,
      "path": "files/b681666f5fdad6ee2c15.png",
      "hint": {
        "untainted": true
      },
      "virtualPath": "image/config.png"
    },
    "volume": {
      "type": "image",
      "width": 64,
      "height": 32,
      "path": "files/c3535e86e9f2a5fb8e9b.png",
      "hint": {
        "untainted": true
      },
      "virtualPath": "image/volume.png"
    },
    "glyph": {
      "type": "text",
      "path": "files/7995cac7367908d2fa2e.json",
      "virtualPath": "text/glyph.json"
    },
    "number_red": {
      "type": "image",
      "width": 728,
      "height": 128,
      "path": "files/93fe4188e341477c390e.png",
      "hint": {
        "untainted": true
      },
      "virtualPath": "image/number_red.png"
    },
    "bgm": {
      "type": "audio",
      "path": "files/6e6ed82de3ca7cdfa409",
      "systemId": "music",
      "duration": 38400,
      "virtualPath": "audio/bgm"
    },
    "se_start": {
      "type": "audio",
      "path": "files/9a33ab5f9c9b2521552d",
      "systemId": "sound",
      "duration": 1701,
      "virtualPath": "audio/se_start"
    },
    "se_timeup": {
      "type": "audio",
      "path": "files/3cd7bec6fc575a6d73a7",
      "systemId": "sound",
      "duration": 1080,
      "virtualPath": "audio/se_timeup"
    },
    "title": {
      "type": "image",
      "width": 1280,
      "height": 720,
      "path": "files/6a2fc763d1ca590c49f9.png",
      "hint": {
        "untainted": true
      },
      "virtualPath": "image/title.png"
    },
    "floor": {
      "type": "image",
      "width": 1100,
      "height": 60,
      "path": "files/9d036b76ff2cf10c20ca.png",
      "hint": {
        "untainted": true
      },
      "virtualPath": "image/floor.png"
    },
    "door": {
      "type": "image",
      "width": 600,
      "height": 160,
      "path": "files/11934b0d7ec34ce265fd.png",
      "hint": {
        "untainted": true
      },
      "virtualPath": "image/door.png"
    },
    "door_base": {
      "type": "image",
      "width": 600,
      "height": 160,
      "path": "files/aecebfd94ab7fd0dcf80.png",
      "hint": {
        "untainted": true
      },
      "virtualPath": "image/door_base.png"
    },
    "actor": {
      "type": "image",
      "width": 800,
      "height": 800,
      "path": "files/ace07ea46002c2d1bdf7.png",
      "hint": {
        "untainted": true
      },
      "virtualPath": "image/actor.png"
    },
    "level": {
      "type": "image",
      "width": 50,
      "height": 50,
      "path": "files/776c7afa35ef7083d738.png",
      "hint": {
        "untainted": true
      },
      "virtualPath": "image/level.png"
    },
    "effect": {
      "type": "image",
      "width": 360,
      "height": 120,
      "path": "files/738aeb92c2a2791c8300.png",
      "hint": {
        "untainted": true
      },
      "virtualPath": "image/effect.png"
    },
    "se_clear": {
      "type": "audio",
      "path": "files/78c6b27323a8430eecc3",
      "systemId": "sound",
      "duration": 732,
      "virtualPath": "audio/se_clear"
    },
    "se_miss": {
      "type": "audio",
      "path": "files/7673b4c12204268afb43",
      "systemId": "sound",
      "duration": 360,
      "virtualPath": "audio/se_miss"
    },
    "se_move": {
      "type": "audio",
      "path": "files/105078447221bd04ffe3",
      "systemId": "sound",
      "duration": 105,
      "virtualPath": "audio/se_move"
    },
    "aez_bundle_main": {
      "type": "script",
      "global": true,
      "path": "files/f086925699839f7a9594.js",
      "virtualPath": "script/aez_bundle_main.js"
    }
  },
  "moduleMainScripts": {
    "@akashic-extension/akashic-timeline": "node_modules/@akashic-extension/akashic-timeline/lib/index.js"
  },
  "environment": {
    "sandbox-runtime": "3",
    "niconico": {
      "supportedModes": [
        "ranking"
      ],
      "preferredSessionParameters": {
        "totalTimeLimit": 110
      }
    },
    "external": {
      "send": "0"
    },
    "akashic-runtime": {
      "version": "~3.0.2",
      "flavor": "-canvas"
    }
  },
  "globalScripts": [],
  "exportZipInfo": {
    "version": "0.8.0",
    "option": {
      "force": true,
      "strip": true,
      "minify": false,
      "bundle": true,
      "babel": true,
      "omitEmptyJs": true,
      "targetService": "nicolive"
    }
  }
}